,Expert_config,Original,DeepQ,TabularQ,DeepQ_r2_from_DeepQ,DeepQ_r2_from_TabularQ,TabularQ_r2_from_DeepQ,TabularQ_r2_from_TabularQ,Bellman_r3_DeepQ_v2,Bellman_r3_large_net_v2
Mean,0.6092485786666667,0.5878396933333333,0.569514241111111,0.5742444297777778,0.6383003818888889,0.6005707672222222,0.6090192486666667,0.5991244472222221,0.6309697565555555,0.6078115017777778
