,Expert_config,Original,DeepQ,TabularQ,DeepQ_r2_from_DeepQ,DeepQ_r2_from_TabularQ,TabularQ_r2_from_DeepQ,TabularQ_r2_from_TabularQ,Bellman_r3_DeepQ_v2,Bellman_r3_large_net_v2
Corrected Std,0.08537937453547814,0.09073542543359601,0.06121160766927876,0.09503292100348905,0.0644256814676731,0.07413915225169102,0.0859262927606819,0.08101429053085443,0.08371377721588731,0.07579313514261352
