{"epochs": [1, 2, 3, 4, 5, 6, 7, 8, 9, 10, 11, 12, 13, 14, 15, 16, 17, 18, 19, 20, 21, 22, 23, 24, 25, 26, 27, 28, 29, 30, 31, 32, 33, 34, 35, 36, 37, 38, 39, 40], "training_loss": [0.38249519067688015, 0.2877988976368954, 0.26250220333966895, 0.24806991605576495, 0.23844156761322396, 0.2312915590690276, 0.22593809730971037, 0.22124292173186982, 0.21738234689796548, 0.21399254365298231, 0.1914162015424961, 0.18669354292883802, 0.18448763532079815, 0.1825299183980185, 0.18097960405544652, 0.179476364016347, 0.1783910040156723, 0.17722123411854807, 0.17605896321668688, 0.17535637096018694, 0.17134215269967212, 0.17092108108247672, 0.170688678662146, 0.170522021768313, 0.1703107575679521, 0.17012846971287124, 0.16982586528482668, 0.1699525758501256, 0.16959269165554566, 0.16963635074498792, 0.16913043843873973, 0.16934811884873852, 0.16902310500453804, 0.16904729229951387, 0.16900830145109522, 0.16893412889304843, 0.16901044423077202, 0.1689209313056973, 0.16893737069394388, 0.16900588947790826], "training_accuracy": [0.8218623619641673, 0.8686344332024498, 0.8795045218165393, 0.8856210501948877, 0.8898641654594668, 0.8929439351421742, 0.8952556146161118, 0.8974304673437417, 0.8990687634352076, 0.9006642647672334, 0.9101003461821652, 0.9122494272801646, 0.9132080597974012, 0.9140743134228069, 0.9146208657910876, 0.9154800292430408, 0.9159389767289355, 0.9165687095962735, 0.9170199871048109, 0.9174593311155453, 0.9191614248179589, 0.9193843738052399, 0.9194489687555405, 0.9196002657507181, 0.9196677544892256, 0.9198040589760809, 0.9198694447265878, 0.9198858335596578, 0.9200565879891639, 0.9200410998138935, 0.9202409333709353, 0.9201402236124901, 0.9203313958582792, 0.9202506274306492, 0.92030758858684, 0.9204628090670834, 0.9203528006490265, 0.9203606955728679, 0.920314058413713, 0.9202960430781196], "validation_loss": [0.30487073078881216, 0.28222557136331056, 0.27775083263277195, 0.28158591072307293, 0.2750484950929874, 0.28133871450636466, 0.27225228832794934, 0.27086787585737165, 0.2716839782322561, 0.2700333313543534, 0.2935925779602466, 0.31191021862752477, 0.324513991443009, 0.3115404560573485, 0.3313828880508674, 0.3224584766675603, 0.35640998442547034, 0.3654644856219267, 0.3576407332140955, 0.34353056104765967, 0.3599245701615466, 0.3619552791895272, 0.3583228752329333, 0.36016107830005994, 0.35697798465616676, 0.360132632498653, 0.35357666567896606, 0.35699978426885415, 0.3590729849102407, 0.3594464519165239, 0.3571806344146741, 0.3571047039548317, 0.35764105036654625, 0.35871888503975435, 0.36075622984208633, 0.35835356728742485, 0.3585321431950353, 0.3609168556671307, 0.3588859644977512, 0.3583226079743033], "validation_accuracy": [0.8654199586956933, 0.8799333068076318, 0.8873352406575847, 0.8894720332792293, 0.8926066975291098, 0.8979665734056685, 0.8971265928578496, 0.8951666382462722, 0.8993286471260665, 0.8978465761845515, 0.9052000901031766, 0.904353793912141, 0.9047495742203865, 0.9059453360027452, 0.9052085109607988, 0.9050758824532484, 0.904732732505142, 0.9055411348368775, 0.9049011496575868, 0.9054969253343607, 0.9059579672891785, 0.9057853397079225, 0.9057242884901613, 0.9057684979926781, 0.9056737633444278, 0.9057032363461057, 0.9059453360027452, 0.9059916507196676, 0.9060463862942121, 0.9060779645102955, 0.9060105976493176, 0.9060148080781287, 0.9059642829323953, 0.905989545505262, 0.905835864853656, 0.9060527019374288, 0.9058211283528171, 0.9059495464315563, 0.9059832298620453, 0.9059263890730952], "confusion_matrix": [[[97590, 2151, 6047], [9976, 135029, 4285], [18321, 3834, 197778]]]}