{"epochs": [1, 2, 3, 4, 5, 6, 7, 8, 9, 10, 11, 12, 13, 14, 15, 16, 17, 18, 19, 20, 21, 22, 23, 24, 25, 26, 27, 28, 29, 30, 31, 32, 33, 34], "training_loss": [0.5181759164063047, 0.42859650102131974, 0.3994641221442317, 0.3805063750365693, 0.3678220773355332, 0.3588178411133712, 0.3502809148817785, 0.3451157946027834, 0.33924569943318467, 0.3335345051406178, 0.3085535691968669, 0.3037381820195086, 0.301129507091243, 0.29923623836640484, 0.2976592604012191, 0.2961277929534752, 0.2948233043717199, 0.29363867638980184, 0.2927870680959199, 0.2913958907097078, 0.2874705038157949, 0.2869369904659821, 0.28660145042114715, 0.28634554646193344, 0.28619073207116574, 0.28580249363417304, 0.2856680100332012, 0.2855774365861706, 0.28539252910719465, 0.2851807850914433, 0.2846540548077803, 0.2848922316350486, 0.28457519515826124, 0.2846945783830744], "training_accuracy": [0.7554760841465873, 0.7959705278710932, 0.8089321905116341, 0.8183762040996706, 0.8245594421240197, 0.8288524100822616, 0.833325066206792, 0.8362932371050463, 0.839251957959935, 0.842283278673274, 0.8546527319508299, 0.8568976843406417, 0.8579639199293816, 0.8589869425033775, 0.8597119686150483, 0.8606715511827542, 0.8610156304514726, 0.8615945486142276, 0.86221852283816, 0.8627582131310418, 0.8648207360445174, 0.8648187844532836, 0.864942141190204, 0.8652156264641063, 0.8652835600036781, 0.8654131901871073, 0.8654713646629091, 0.8656101546984974, 0.8656727861567755, 0.8657430434411811, 0.8662789302355981, 0.8658620428796272, 0.8660615759154602, 0.8660232108660001], "validation_loss": [0.4503078117233289, 0.418747086905443, 0.39759506592537763, 0.3950899912007926, 0.3866896709601056, 0.3795120716825249, 0.37892500071197294, 0.37201268922851133, 0.3708937136957439, 0.3600175043121466, 0.35187004285035073, 0.352230192603608, 0.35230510598971976, 0.3558973437604671, 0.3531169029264075, 0.3528344291392424, 0.3541330837795713, 0.3550502757566245, 0.35321258877273, 0.3547083825023318, 0.35286069782941837, 0.35265882500611595, 0.35386507451378996, 0.35212953400428043, 0.35309570553552744, 0.3523739799697789, 0.3522644525777156, 0.3530420834587925, 0.35210854564844374, 0.35422703039629627, 0.35341336087998576, 0.35318060560683684, 0.3532303334199962, 0.3531591079916635], "validation_accuracy": [0.7754101015709955, 0.7876356400823674, 0.8000509011822956, 0.8007079891719303, 0.806459822771338, 0.8104208602299808, 0.8122255385113718, 0.8187408898452141, 0.8230489808195091, 0.8270424099396126, 0.8294116286064644, 0.831100622382638, 0.8306934129242729, 0.8311746604659772, 0.8316096342055945, 0.8336086624557507, 0.8320538627056292, 0.8331968256171768, 0.8336827005390898, 0.8327340875963074, 0.8348488003516809, 0.8349552300964809, 0.8344415908933157, 0.8356215728465329, 0.8350200134194026, 0.8352004812475418, 0.8350015038985679, 0.8355336526225677, 0.8352236181485851, 0.8347053515652113, 0.8348673098725157, 0.8350570324610722, 0.8350662872214896, 0.8350986788829504], "confusion_matrix": [[[36731, 1442, 13722], [3476, 55642, 9874], [5818, 1191, 88209]]]}