{"epochs": [1, 2, 3, 4, 5, 6, 7, 8, 9, 10, 11, 12, 13, 14, 15, 16, 17, 18, 19, 20, 21, 22, 23, 24, 25, 26, 27, 28], "training_loss": [0.4401186995925667, 0.31903334779563675, 0.2836509119556949, 0.26339206146001176, 0.25026039972364295, 0.23901752933595308, 0.2306565725239071, 0.22360582001238757, 0.2168433391451515, 0.21124276293580926, 0.1857716864382727, 0.18058775078391054, 0.1779024313780619, 0.1757292481937865, 0.17391433294676145, 0.17210796178830062, 0.17069530201301322, 0.16950504894600305, 0.1677915767724954, 0.16664411587667696, 0.16253860924851837, 0.1621549123113613, 0.1616899321209429, 0.16158975296487982, 0.1612583094783981, 0.16117670438330042, 0.16094055082879444, 0.16036176559279336], "training_accuracy": [0.7937853684776756, 0.8494400215169449, 0.8644755244755264, 0.8739887036040852, 0.8803302850995164, 0.8865761161915009, 0.8908520710059156, 0.8945857988165636, 0.8979316837009127, 0.9009171597633103, 0.9126207638515341, 0.9152372243141479, 0.916284561592254, 0.9173372781065116, 0.9183426573426586, 0.9192829478214104, 0.9199397525551368, 0.9205126412049491, 0.9214448628294769, 0.9221624529316835, 0.9239429800968276, 0.9242361484669193, 0.9245164066702559, 0.9244572350726222, 0.9248267885960194, 0.9248515330823025, 0.9250613232920927, 0.9252829478214112], "validation_loss": [0.35919347874238156, 0.35060559376172024, 0.2797366804938701, 0.28047577176502614, 0.281575574406761, 0.26560135898525206, 0.28444037796872357, 0.26912056807331397, 0.26648757638446324, 0.26743160711581365, 0.2691082181055602, 0.27155317302949183, 0.26804742836081313, 0.28154302713437074, 0.27905133192893605, 0.28409330910029307, 0.29270839126637205, 0.28908518535604555, 0.29993502174773207, 0.3015050089146267, 0.29729796062070635, 0.29881985237739633, 0.2997200329840071, 0.29962531232729633, 0.301982660818459, 0.30314712417204, 0.30049738379447527, 0.3005939279367962], "validation_accuracy": [0.8207378994702106, 0.8285695686572994, 0.871914152086609, 0.8618942223913632, 0.8742926961172146, 0.8778429860492133, 0.8741625021281709, 0.8806722015803548, 0.8854793642527365, 0.8876776396831279, 0.8913280788374678, 0.8914682877487456, 0.8930356230783868, 0.8905168701365034, 0.8923996755165197, 0.8917537130324183, 0.8908473625702297, 0.8930706753062062, 0.891348108681936, 0.8913931758319896, 0.8925448918889145, 0.8913831609097556, 0.891653563810077, 0.8917637279546524, 0.891032638631561, 0.8910827132427317, 0.8915884668155551, 0.8913881683708726], "confusion_matrix": [[[40756, 1786, 5620], [4506, 55130, 4231], [3907, 1304, 82462]]]}