{"epochs": [1, 2, 3, 4, 5, 6, 7, 8, 9, 10, 11, 12, 13, 14, 15, 16, 17, 18, 19, 20, 21, 22, 23, 24, 25, 26, 27], "training_loss": [0.4685332394998747, 0.34916030520814073, 0.3143774113585892, 0.29459626559059976, 0.28012406201664564, 0.2696217678782179, 0.26088762479124095, 0.2536537243933036, 0.24757560474262388, 0.24185945500956363, 0.21644727184306978, 0.21121821317792253, 0.20867485940299121, 0.2063118835945557, 0.2044938407818686, 0.20283853634995333, 0.20139638782333888, 0.19995628248575809, 0.19879830882228458, 0.19754684344916984, 0.19412185471888269, 0.19300278442516175, 0.19280050612376673, 0.19261367740920476, 0.19268408063061948, 0.19242391490370114, 0.19207860567953466], "training_accuracy": [0.7791919516329127, 0.8331161858498303, 0.8484942319453449, 0.8576495657795884, 0.8646472907092562, 0.8706506805989978, 0.8755691554980859, 0.8790785196316543, 0.8822766779080522, 0.885392503800518, 0.897165321777418, 0.899800279578534, 0.9010588897237404, 0.9021183211308925, 0.9028638138006935, 0.903791672054378, 0.9044152894511507, 0.9050935889147107, 0.9058109035628771, 0.9066483705813477, 0.908175711614739, 0.9086321410473693, 0.9087566793059472, 0.9088809240070554, 0.908726505792519, 0.9091014695346742, 0.9092263013507134], "validation_loss": [0.3843985837451928, 0.3482588882657227, 0.33412243444127826, 0.30900789453422584, 0.30074595181283864, 0.30489955440160116, 0.2977857686185166, 0.29378063728776377, 0.3192786613754719, 0.30946064345447916, 0.29562290768256794, 0.2962569161089708, 0.3009622844305102, 0.2929246121712978, 0.30237911089513264, 0.308236810180542, 0.30694070653926137, 0.3170386825678164, 0.3178020973536392, 0.3179049698685583, 0.3184103326585111, 0.3170820107189703, 0.31769551609926044, 0.31812547680387954, 0.3203284612681178, 0.32030317417060555, 0.3199619974258692], "validation_accuracy": [0.8148957231115814, 0.8263839788569283, 0.8367019538811873, 0.8530273699403644, 0.8587519931343531, 0.8506331706318053, 0.8610876784068578, 0.8658321914969354, 0.8549485807908171, 0.8626139195139434, 0.8691041013463104, 0.8708546462582712, 0.8711520926082144, 0.8741070514289615, 0.8737705957216487, 0.870532819059972, 0.8757698252868407, 0.8725613056431911, 0.8713178823770352, 0.870093963789564, 0.8746629347714783, 0.8738096050790183, 0.8743167267248231, 0.8734633970323631, 0.8734780255413768, 0.8733756259782816, 0.8738291097577031], "confusion_matrix": [[[39328, 1916, 8153], [3752, 55730, 6078], [4262, 1316, 84544]]]}