{"epochs": [1, 2, 3, 4, 5, 6, 7, 8, 9, 10, 11, 12, 13, 14, 15, 16, 17, 18, 19, 20, 21, 22, 23, 24, 25, 26, 27, 28, 29, 30, 31, 32, 33, 34, 35, 36, 37, 38], "training_loss": [0.4646849158004187, 0.3870676605389612, 0.3657319106660346, 0.35455225591924727, 0.34686200806581396, 0.3417501411342228, 0.33751482633311763, 0.33395529615891334, 0.33068653369048107, 0.32871797767407374, 0.30692504072287546, 0.3028262378227821, 0.30054611431398304, 0.2989113985018922, 0.29771753707027826, 0.2965831327634786, 0.29547160916667276, 0.29397051124752, 0.2931664811349431, 0.29211059224961594, 0.28779781625887146, 0.28725459341163123, 0.2869405896729961, 0.2870242857632259, 0.2869083793843443, 0.2866412271247711, 0.28649204841725734, 0.28634083991070364, 0.28622199403147003, 0.2859694610970396, 0.2855904256738914, 0.2855680175961967, 0.28549646927325784, 0.28535989826481817, 0.28537613088696673, 0.2854065377729437, 0.2854186150612718, 0.28532399899191024], "training_accuracy": [0.7730591170432579, 0.8124799367075674, 0.8231565928482315, 0.8285592936891734, 0.8321298804400498, 0.8345306497705007, 0.8363563800546995, 0.837920634834031, 0.8394520593912224, 0.8405678872739932, 0.8509835780686278, 0.8528248436445026, 0.853978827043877, 0.8547492146418331, 0.8555154814112613, 0.8562431957223082, 0.8569614038916701, 0.857548903635906, 0.8579023536874016, 0.858624424877748, 0.8608114417443611, 0.8609694163864677, 0.8611818593516621, 0.8610907046057509, 0.861069418432559, 0.8613016443756373, 0.8614269606673008, 0.861448928871039, 0.8614612367941842, 0.8616602232968004, 0.861981710669005, 0.861706756876575, 0.8620028618001521, 0.862048510104284, 0.8620036215821776, 0.8620112794210923, 0.8620455118980246, 0.8619840473056422], "validation_loss": [0.39589112070056104, 0.37922318075910816, 0.35486415173955066, 0.35739932269543356, 0.357410360289746, 0.3466580445799403, 0.3418180903829025, 0.3401348630128932, 0.36089516690341417, 0.35242547148419695, 0.34713791594648963, 0.3503154799611956, 0.35373943387316026, 0.3562264452847676, 0.3537330627307634, 0.3565060260050677, 0.3510935836832884, 0.3484750019134997, 0.3517140275554123, 0.35507356536179213, 0.3514799285388158, 0.35247764543589816, 0.3538876045987491, 0.3549207444734795, 0.3538703768930059, 0.35621931109206095, 0.35473891850094785, 0.35747419253301116, 0.35322543256123157, 0.3554282915213979, 0.355129802574515, 0.3548368118025375, 0.3546571181978728, 0.3544963025769812, 0.35476837431388575, 0.35462971046005926, 0.3541637852842607, 0.35489752785615164], "validation_accuracy": [0.8075695584109146, 0.8247804911251106, 0.834001376420852, 0.8340959108200292, 0.8352586839299084, 0.8412994320373297, 0.8441959660281183, 0.8452150468512483, 0.8435134276660591, 0.8401933795669568, 0.8509211431855823, 0.8532258918375218, 0.8539235557034494, 0.853407397883942, 0.8543716487555492, 0.8546344543852618, 0.8543981183873188, 0.8571207090836214, 0.856277462242961, 0.85494830859053, 0.8567766038706165, 0.8572020086669138, 0.8577805591898781, 0.857234150362634, 0.8568768103337442, 0.8569637819809872, 0.8573513730176137, 0.8584933485596739, 0.8575744741996718, 0.8580225672517716, 0.8577767778139109, 0.8577276199263388, 0.8577711057499603, 0.8578580773972033, 0.8581549154106196, 0.8579166887246932, 0.8580849599552285, 0.8581378992187677], "confusion_matrix": [[[94894, 1072, 21989], [10009, 143823, 12432], [25763, 3579, 215347]]]}