{"epochs": [1, 2, 3, 4, 5, 6, 7, 8, 9, 10, 11, 12, 13, 14, 15, 16, 17, 18, 19, 20, 21, 22, 23, 24], "training_loss": [0.2823250038073756, 0.2803056203426937, 0.27808547597175926, 0.27594452986811063, 0.27372768633202654, 0.2718681227830579, 0.27034696618674764, 0.26861104275790104, 0.26707299870879214, 0.26574144879349276, 0.26019046460637646, 0.2595638481447698, 0.25940297662841416, 0.25890853524146334, 0.258619718782214, 0.2582225253056023, 0.2582973306550071, 0.25788853377304444, 0.25785769958961574, 0.25766276871830857, 0.25700482307845973, 0.25688322732665886, 0.25674707344132713, 0.25677959574651743], "training_accuracy": [0.8650346073390249, 0.8661506094104888, 0.867573804116021, 0.868444985870812, 0.8698131888744361, 0.870791079649482, 0.871726444215189, 0.8726192132508557, 0.8732538931727278, 0.8738645228901029, 0.8769663468399965, 0.8772115871585466, 0.8772146005700624, 0.8776198289817592, 0.8776269160037036, 0.8778088175927783, 0.8779026818954709, 0.8782007445858493, 0.8780961029534673, 0.8780919926438505, 0.8785054457524754, 0.8785572976345334, 0.8787736679212361, 0.8785995669495218], "validation_loss": [0.30280032146631025, 0.3004436985276509, 0.30412225850739105, 0.30228763601339864, 0.30248330588174555, 0.3056524440606257, 0.30706397016399695, 0.3072767639094176, 0.3058293093796551, 0.3117429454152662, 0.3052820688463524, 0.30455068572340044, 0.30585846237449205, 0.3048687475384138, 0.3051428994933887, 0.30699461248047905, 0.3053966690342268, 0.30462392879529354, 0.3050472725121042, 0.3064872782139583, 0.3060258101650621, 0.3057988493257947, 0.3057486404536372, 0.3063790263712055], "validation_accuracy": [0.8556051432199134, 0.8578318504410776, 0.8557235850933795, 0.8566284810066612, 0.8572822801481945, 0.8571875266494215, 0.8563726465599742, 0.8542122667879511, 0.8557899125425207, 0.855221391549883, 0.8586988449548499, 0.8592531529226717, 0.8587035826297886, 0.8595895278433157, 0.8587272710044819, 0.8590162691757394, 0.8595089873693587, 0.8591773501236533, 0.8592673659474876, 0.8582724542103717, 0.8591489240740214, 0.8590589082501872, 0.8591868254735306, 0.8590115315008007], "confusion_matrix": [[[40319, 1205, 9159], [4510, 55299, 7502], [6384, 877, 85819]]]}